Community Area,Community Area Name,Treatment_2004,# 2004 Closing,Treatment_2013,# 2013 Closing,2000_POP,2010_POP,POP_CHANGE,Per_Year_Change,Pop_2001,Pop_2002,Pop_2003,Pop_2004,Pop_2005,Pop_2006,Pop_2007,Pop_2008,Pop_2009,Pop_2010,Pop_2011,Pop_2012,Pop_2013,Pop_2014,Pop_2015,Pop_2016,Pop_2017,Pop_2018,Pop_2019,Pop_2020,2020_2010_Diff,Crime_2002,Crime_2003,Crime_2004,Crime_2005,Crime_2006,Crime_2007,Crime_2008,Crime_2009,Crime_2010,Crime_2011,Crime_2012,Crime_2013,Crime_2014,Crime_2015,Crime_2016,Crime_2017,Crime_2018,Crime_2019,Crime_2020,2002_cr_per_100k,2003_cr_per_100k,2004_cr_per_100k,2005_cr_per_100k,2006_cr_per_100k,2007_cr_per_100k,2008_cr_per_100k,2009_cr_per_100k,2010_cr_per_100k,2011_cr_per_100k,2012_cr_per_100k,2013_cr_per_100k,2014_cr_per_100k,2015_cr_per_100k,2016_cr_per_100k,2017_cr_per_100k,2018_cr_per_100k,2019_cr_per_100k,2020_cr_per_100k,Birth Rate,General Fertility Rate,Low Birth Weight,Prenatal Care Beginning in First Trimester,Preterm Births,Teen Birth Rate,Assault (Homicide),Breast cancer in females,Cancer (All Sites),Colorectal Cancer,Diabetes-related,Firearm-related,Infant Mortality Rate,Lung Cancer,Prostate Cancer in Males,Stroke (Cerebrovascular Disease),Childhood Blood Lead Level Screening,Childhood Lead Poisoning,Gonorrhea in Females,Gonorrhea in Males,Tuberculosis,Below Poverty Level,Crowded Housing,Dependency,No High School Diploma,Per Capita Income,Unemployment,PERCENT OF HOUSING CROWDED,PERCENT HOUSEHOLDS BELOW POVERTY,PERCENT AGED 16+ UNEMPLOYED,PERCENT AGED 25+ WITHOUT HIGH SCHOOL DIPLOMA,PERCENT AGED UNDER 18 OR OVER 64,PER CAPITA INCOME ,HARDSHIP INDEX,Males_15_25,Females_15_25,MED_AGE,WHITE,HISP,BLACK,ASIAN,BACH,MEDINC,ONLY_ENGLISH,NOT_ENGLISH
3,Uptown,0,,1,2,63551,56362,-7189,-718.9,62832,62113,61394,60675,59957,59238,58519,57800,57081,56362,56444,56526,56608,56690,56772,56854,56936,57018,57100,57182,82,6040,7523,7445,7543,6807,6395,6002,5190,5075,4778,4979,4295,3821,3666,3571,3569,3664,3363,2946,9724,12254,12270,12581,11491,10928,10384,9092,9004,8465,8808,7587,6740,6457,6281,6268,6426,5890,5152,13.1,50.5,8.3,77.7,10.3,35.1,5.4,21.3,183.3,20.5,80,4.6,6.5,50.5,25.2,41.7,353.7,0.5,170.8,468.7,13.6,22.7,4.6,22.2,13.6,32355,7.7,3.8,24,8.9,11.8,22.2,35787,20,9638,9224,36.80184478,31602,8324,10487,5812,16537,49680.90452,34939,20486
8,Near North Side,0,,1,1,72811,80484,7673,767.3,73578,74346,75113,75880,76648,77415,78182,78949,79717,80484,82984,85483,87983,90483,92983,95482,97982,100482,102981,105481,2500,12553,15471,15760,14644,14226,13884,13515,12280,11597,11233,11297,10121,8999,9088,10580,12334,13102,12585,7282,16885,20597,20770,19106,18376,17759,17119,15404,14409,13536,13215,11503,9946,9774,11081,12588,13039,12221,6904,10.7,35.9,8.6,69.7,9.6,34,3.7,24,142.7,15.1,27,3.2,6.5,33.6,15.1,22,311.2,0.1,244.4,235.8,5.5,13.4,2,23.3,3.4,87163,5.2,1.9,12.9,7,2.5,22.6,88669,1,7352,7839,34.89373482,63507,5305,8049,9982,30446,93707.26029,68948,16035
22,Logan Square,0,,1,1,82715,73595,-9120,-912,81803,80891,79979,79067,78155,77243,76331,75419,74507,73595,73402,73209,73016,72823,72630,72437,72244,72051,71858,71665,-193,8919,11367,10655,9436,9605,9195,8934,8697,8169,7336,6800,5862,5107,4809,5477,5083,4961,4890,3733,11026,14212,13476,12073,12435,12046,11846,11673,11100,9994,9288,8028,7013,6621,7561,7036,6885,6805,5209,18.2,63.5,7.2,78.2,9.4,66.1,8.6,9.2,148.7,13.7,75.7,10.2,4.3,37.7,17.5,31.9,364.4,0.9,209,159.3,8.4,17.2,3.2,26.7,18.5,29026,7.5,3.2,16.8,8.2,14.8,26.2,31908,23,9430,9318,32.85972306,22244,2471,3945,6226,10390,103336.2793,25564,8987
24,West Town,0,,1,2,87435,81432,-6003,-600.3,86835,86234,85634,85034,84434,83833,83233,82633,82032,81432,82067,82702,83337,83972,84607,85241,85876,86511,87146,87781,635,12341,15389,14156,12869,13014,12343,12729,11797,11368,10144,9688,8215,7350,7091,8253,8344,7338,7293,5268,14311,17971,16647,15241,15524,14829,15404,14381,13960,12361,11714,9858,8753,8381,9682,9716,8482,8369,6001,18.8,60.4,9.1,75.5,10.8,49.2,8.5,14.5,139.6,12.4,107,6.6,5.1,27.4,16.6,33.3,316.6,0.5,177.5,182.8,3.6,15.7,2,22.9,13.4,39596,6,2.3,14.7,6.6,12.9,21.7,43198,10,13107,12847,32.1312524,51498,21219,5630,3725,27327,88761.04764,57303,21892
25,Austin,1,1,1,5,117527,98514,-19013,-1901.3,115626,113724,111823,109922,108021,106119,104218,102317,100415,98514,98318,98123,97927,97731,97536,97340,97144,96948,96753,96557,-196,21115,30839,29489,28379,28897,28542,27266,26043,24301,22735,21368,20262,18808,17424,16791,15453,15174,14756,12719,18567,27578,26827,26272,27231,27387,26649,25935,24668,23124,21777,20691,19245,17864,17250,15907,15652,15251,13173,18,80.1,15.4,72.9,14.3,81.8,34.4,33.7,261.9,29.8,113.9,28.5,13.3,74.6,69.8,56.8,492.3,2,1741.1,1678.9,5.8,27,5.7,39,25,15920,21,6.3,28.6,22.6,24.4,37.9,15957,73,14299,16319,35.31122795,4403,12398,76989,483,5641,32843.04285,76434,11709
26,West Garfield Park,0,,1,1,23019,18001,-5018,-501.8,22517,22015,21514,21012,20510,20008,19506,19005,18503,18001,17944,17887,17831,17774,17717,17660,17603,17547,17490,17433,-57,5595,7420,7880,8428,8416,7936,7431,6396,6379,6285,6680,6682,6229,6039,5792,5378,5737,6223,4969,25414,34489,37502,41092,42063,40685,39100,34567,35437,35026,37346,37474,35046,34086,32797,30552,32695,35580,28503,20.1,88.4,17,71.4,17.5,114.9,40,54.7,291.5,31.4,118.2,36,19,65.3,75,77,516.1,1.4,3193.3,2336.7,6.5,40.3,8.9,42.5,26.2,10951,25.2,9.4,41.7,25.8,24.5,43.6,10934,92,20735,19293,29.1840836,384,356,16206,44,350,23250,14987,403
27,East Garfield Park,0,,1,6,20881,20567,-314,-31.4,20850,20818,20787,20755,20724,20693,20661,20630,20598,20567,20510,20452,20395,20337,20280,20222,20165,20107,20050,19992,-57,6359,9179,9192,8317,8617,8413,7924,7171,6962,6421,6193,6285,5820,5465,5051,4779,4942,4654,3722,30546,44157,44288,40132,41642,40719,38410,34814,33850,31307,30281,30816,28618,26948,24978,23699,24579,23212,18617,19.4,80.8,17.5,73.2,16.3,93.2,38.4,21.7,236.8,24.8,97.3,37.1,11,56.3,78.1,47.5,503.7,0.9,2325.1,1730.2,13.6,39.7,7.5,43.2,26.2,13596,16.4,8.2,42.4,19.6,21.3,43.2,12961,83,20735,19293,30.49344501,1120,719,17729,145,1108,23116.16162,17596,834
28,Near West Side,1,3,1,3,46419,54881,8462,846.2,47265,48111,48958,49804,50650,51496,52342,53189,54035,54881,56181,57481,58781,60081,61381,62681,63981,65281,66581,67881,1300,10855,15807,14768,13215,12147,11617,11594,10369,9810,9673,9422,8519,7908,7961,9485,9070,9466,9361,6489,22562,32287,29652,26091,23588,22194,21798,19189,17875,17218,16392,14493,13162,12970,15132,14176,14500,14060,9559,18.2,55.6,9,77.6,10.5,36.7,12.7,33.4,202,19.2,62.3,9.3,9.1,66.2,33.6,43.5,396.7,0.5,629.2,466.5,14.1,21.6,3.8,22.9,11.2,41488,10.7,3.8,20.6,10.7,9.6,22.2,44689,15,13107,12847,30.78962636,26122,6245,18151,10780,14801,80727.42475,44951,14274
29,North Lawndale,0,,1,2,41768,35912,-5856,-585.6,41182,40597,40011,39426,38840,38254,37669,37083,36498,35912,35800,35688,35577,35465,35353,35241,35129,35018,34906,34794,-112,8720,12348,13370,12739,12081,11352,11414,10432,10863,10014,10397,9805,8727,8439,8826,9095,9452,9007,7212,21479,30862,33912,32799,31581,30136,30780,28582,30249,27972,29133,27560,24607,23871,25045,25890,26992,25804,20728,20.6,86.3,15.3,75.8,15.2,108.9,46.7,45.8,261.5,34.8,99.2,37.6,14.1,61.7,54,70.2,565.7,1.4,2529.9,2236.3,9.3,38.6,7.2,40.9,30.4,12548,18.5,7.4,43.1,21.2,27.6,42.7,12034,87,20735,19293,29.39704311,966,3140,31270,77,1708,26361.91199,30446,2743
35,Douglas,1,3,1,2,26470,18238,-8232,-823.2,25647,24824,24000,23177,22354,21531,20708,19884,19061,18238,18443,18649,18854,19059,19265,19470,19675,19880,20086,20291,205,5348,6517,6846,6843,6182,5468,4227,3177,2936,2704,2779,2795,2574,2530,2623,2637,2729,2744,2181,21544,27154,29538,30612,28712,26405,21258,16668,16098,14661,14902,14824,13505,13133,13472,13403,13727,13661,10749,10.3,42.2,11.7,76,10.2,34.2,13.6,34.3,269.9,33.2,119.1,9.1,13.4,74.5,85.5,62.1,482.2,0,1063.3,727.4,4.2,26.1,1.6,31,16.9,23098,16.7,1.8,29.6,18.2,14.3,30.7,23791,47,14443,19067,33.42665357,2297,661,14718,2655,3116,31906.97674,16043,3882
37,Fuller Park,0,,1,1,3420,2876,-544,-54.4,3366,3311,3257,3202,3148,3094,3039,2985,2930,2876,2845,2814,2783,2752,2722,2691,2660,2629,2598,2567,-31,1295,1937,1521,1393,1521,1418,1405,1160,1215,1189,1226,1080,933,844,930,880,836,906,681,39112,59472,47502,44250,49160,46660,47069,39590,42246,41793,43568,38807,33903,31007,34560,33083,31799,34873,26529,11.9,60.4,17.1,71.4,14.3,69.2,49.6,8.5,258.9,21.1,111.7,22.6,22.6,89.6,70.5,82.4,489.9,2.5,1061.9,1556.4,0,55.5,4.5,38.2,33.7,9016,40,3.2,51.2,33.9,26.6,44.9,10432,97,14443,19067,49.70070423,75,173,2175,12,137,23357.14286,2160,173
38,Grand Boulevard,1,1,1,2,28006,21929,-6077,-607.7,27398,26791,26183,25575,24968,24360,23752,23144,22537,21929,22195,22461,22727,22993,23259,23525,23791,24057,24323,24589,266,6553,8571,7655,6404,6022,5347,5392,5302,4687,4744,4128,4007,3511,3160,3317,3466,3267,3394,2945,24460,32735,29932,25649,24721,22512,23298,23526,21374,21374,18379,17631,15270,13586,14100,14569,13580,13954,11977,14.3,58.2,12.7,74.2,13.7,54.8,32.1,22.6,218.3,27.7,82.6,25.8,12.1,63.8,39,46.7,590.4,1,1454.6,1680,13.2,28.3,2.7,41.7,19.4,22056,20.6,3.3,29.3,24.3,15.9,39.5,23472,57,14443,19067,37.69596542,603,387,20546,88,2331,31970.13487,19941,733
39,Kenwood,0,,1,1,18363,17841,-522,-52.2,18311,18259,18206,18154,18102,18050,17998,17945,17893,17841,17969,18096,18224,18351,18479,18606,18734,18861,18989,19116,128,2020,2937,2739,2908,2359,2455,2334,2320,2301,2075,1796,1597,1504,1380,1420,1537,1473,1388,1207,11063,16132,15088,16065,13069,13640,13006,12966,12897,11548,9925,8763,8196,7468,7632,8204,7810,7309,6314,12.2,51.1,11.4,77.6,11.9,25.7,15.2,30.9,196.4,34.2,45.5,17.4,8.9,49.1,46.2,31.5,397.9,0.4,610.2,549.1,0,23.1,2.3,34.2,10.8,37519,11,2.4,21.7,15.7,11.3,35.4,35911,26,14443,19067,37.67619421,2913,397,11724,1582,3067,44087.98283,13875,2326
40,Washington Park,0,,1,1,14146,11717,-2429,-242.9,13903,13660,13417,13174,12932,12689,12446,12203,11960,11717,11816,11915,12014,12113,12212,12311,12410,12509,12608,12707,99,3800,5244,5239,5184,5193,4479,4237,4237,4055,4008,3473,3377,2947,2776,2713,2736,2817,2341,1965,27818,39085,39768,40087,40925,35987,34721,35426,34608,33920,29148,28109,24329,22732,22037,22047,22520,18568,15464,19.3,72.1,17.7,74.9,16.9,82.6,44.6,26,258,31.9,88.2,39.5,19.3,79.8,67,43.3,502.4,0.4,2145.8,2058,5,39.1,4.9,40.9,28.3,13087,23.2,5.6,42.1,28.6,25.4,42.8,13785,88,14443,19067,29.23340961,85,278,10760,14,805,25384.61538,9684,451
42,Woodlawn,0,,1,2,27086,25983,-1103,-110.3,26976,26865,26755,26645,26535,26424,26314,26204,26093,25983,25827,25671,25516,25360,25204,25048,24892,24737,24581,24425,-156,5817,8059,8119,7874,7893,8021,7140,6889,6486,5712,5412,4755,4199,3760,3629,3858,3505,3561,2923,21653,30121,30471,29674,29871,30482,27248,26402,24962,22116,21082,18635,16558,14918,14488,15499,14169,14487,11967,15.1,60.1,17.4,73.3,16.3,51.1,31.1,32.9,241.3,23.9,82.1,25,11.5,69.8,58,60,444.3,1.6,1382,1818.6,17.4,28.3,1.8,37.6,17.9,18928,17.3,2.9,30.7,23.4,16.5,36.1,18672,58,14443,19067,31.53846154,2051,695,19279,711,1875,25122.2597,19669,1755
48,Calumet Heights,0,,1,2,15974,13812,-2162,-216.2,15758,15542,15325,15109,14893,14677,14461,14244,14028,13812,13740,13667,13595,13522,13450,13378,13305,13233,13160,13088,-72,1759,2463,2552,2339,2359,2349,2295,2113,2101,2223,1924,1617,1592,1488,1420,1368,1401,1432,1287,11318,16072,16891,15705,16073,16244,16112,15063,15211,16179,14078,11894,11773,11063,10614,10282,10587,10881,9833,10,57.4,9.3,75,16.4,39.3,19.5,33.5,216.6,36,81.4,24.5,13.9,48,40.4,39.2,383.2,0.3,1188,1106.5,2.8,12,1.8,42.3,11.2,28977,17.2,2.1,11.5,20,11,44,28887,38,7927,9232,49.54450262,219,457,12426,13,1782,49767.65799,12118,699
49,Roseland,0,,1,1,52723,44619,-8104,-810.4,51913,51102,50292,49481,48671,47861,47050,46240,45429,44619,44039,43458,42878,42298,41718,41137,40557,39977,39396,38816,-580,8801,11688,11810,11676,12276,12620,12288,11330,10381,9920,9038,8165,7399,6656,6892,6974,6962,6542,5979,17222,23240,23868,23990,25649,26823,26574,24940,23266,22525,20797,19042,17493,15955,16754,17196,17415,16606,15403,14.3,68.8,12.2,69,12.8,79.7,40.9,43.5,258.5,32,95.5,37.7,9.6,70.3,57.6,55.6,369.5,1.9,1512,1725.3,7.9,19.5,3.1,40.9,17.4,17974,17.8,2.5,19.8,20.3,16.9,41.2,17949,52,8048,10582,39.67787419,456,548,40849,126,3457,38685.63686,38522,1607
53,West Pullman,0,,1,2,36649,29651,-6998,-699.8,35949,35249,34550,33850,33150,32450,31750,31051,30351,29651,29296,28942,28587,28232,27878,27523,27168,26813,26459,26104,-355,5541,7291,7888,7940,7661,8049,7142,6759,5980,5913,5756,5158,4381,4025,3897,4001,4086,3859,3850,15720,21103,23303,23952,23609,25351,23001,22269,20168,20184,19888,18043,15518,14438,14159,14727,15239,14585,14749,15.3,71.2,14.9,71.3,14.4,67.8,43.9,20.3,263.6,32.6,83.4,46.5,11.9,78.6,62.9,63.9,397.2,1.1,1656.9,1673.4,9.2,24.3,3.3,42.2,22.6,16228,17,3.3,25.9,19.4,20.5,42.1,16563,62,7927,9232,36.24724872,158,1682,25634,65,1727,38144.49064,23830,1979
67,West Englewood,0,,1,4,45282,35505,-9777,-977.7,44304,43327,42349,41371,40394,39416,38438,37460,36483,35505,34919,34333,33748,33162,32576,31990,31404,30819,30233,29647,-586,10186,13919,14121,13676,13712,13562,13544,11532,11225,10829,9994,9022,7618,7549,7011,6968,7128,6622,5679,23510,32867,34133,33857,34788,35283,36156,31609,31615,31012,29109,26733,22972,23174,21916,22188,23129,21903,19155,20.3,93.3,16.1,63.6,13.8,116.9,47.2,39.2,247.6,24.4,88.2,39.3,13.3,66.3,75,64.6,450.6,2.6,2762.2,2545.7,10.9,32.3,6.9,40.9,30.3,10559,34.7,4.8,34.4,35.9,26.3,40.7,11317,89,11339,13802,37.59831461,289,1918,27304,4,1049,28006.27943,26228,1683
68,Englewood,0,,1,1,40222,30654,-9568,-956.8,39265,38308,37352,36395,35438,34481,33524,32568,31611,30654,30026,29397,28769,28140,27512,26883,26255,25626,24998,24369,-628,9544,12546,12959,12198,12313,12397,12441,10723,10166,9331,9100,8205,7123,7261,6309,5944,6252,6034,5158,24914,33589,35607,34421,35710,36979,38200,33922,33164,31076,30956,28520,25313,26392,23468,22639,24397,24138,21166,20,85.8,14.5,69.7,13.1,105.3,45.1,32.9,252.2,30.2,101.8,44.9,13.4,76.8,57.7,71.6,401,2.8,2594.9,2323.5,11.3,42.2,4.8,43.4,29.4,11993,21.3,3.8,46.6,28,28.5,42.5,11888,94,11339,13802,31.94823232,181,843,23711,68,813,19795.0429,21882,820
69,Greater Grand Crossing,0,,1,2,38619,32602,-6017,-601.7,38017,37416,36814,36212,35611,35009,34407,33805,33204,32602,32489,32376,32263,32150,32037,31923,31810,31697,31584,31471,-113,7910,10905,11592,11207,10969,11286,10501,9698,9375,8931,8737,7745,6767,6790,6622,6497,6387,6752,5940,21141,29622,32011,31471,31332,32801,31063,29207,28756,27489,26986,24006,21048,21194,20744,20424,20150,21378,18875,18.2,82.4,12.9,72.3,15.1,84.3,49.7,29.1,274.4,31.5,92.3,44.6,14.2,77.5,70.3,58.2,453.7,1.9,2500.3,2034.2,4.8,25.6,4.2,42.9,17.9,17213,18.9,3.6,29.6,23,16.5,41,17285,66,11339,13802,35.68322981,393,450,30556,4,2180,27035.42781,28705,888
71,Auburn Gresham,1,1,1,1,55928,48743,-7185,-718.5,55210,54491,53773,53054,52336,51617,50899,50180,49462,48743,48357,47970,47584,47197,46811,46424,46038,45651,45265,44878,-387,8977,12300,13150,12820,12155,13327,12888,11771,10670,10271,9429,8596,8009,7864,7620,7546,7440,7622,6237,16474,22874,24786,24496,23548,26183,25684,23798,21890,21240,19656,18065,16969,16799,16414,16391,16298,16839,13898,15.1,70.5,11.6,71.8,13.9,83.1,37.6,41.9,243,24.5,83.6,32.6,15.6,65.1,43.5,63.7,393.8,1.5,2032.2,1986.7,7.3,24.5,4.1,42.1,19.5,16022,24.2,4,27.6,28.3,18.5,41.9,15528,74,8048,10582,39.77464195,324,862,44435,143,3003,31694.19134,42947,757
1,Rogers Park,0,,0,,63484,54991,-8493,-849.3,62635,61785,60936,60087,59238,58388,57539,56690,55840,54991,55055,55118,55182,55246,55310,55373,55437,55501,55564,55628,64,6106,7685,7610,7531,7207,6809,6499,5963,5579,5126,4928,4440,3808,3596,3674,4162,3842,4050,3289,9883,12612,12665,12713,12343,11834,11464,10679,10145,9311,8941,8046,6893,6502,6635,7508,6922,7289,5912,16.4,62,11,73,11.2,40.8,7.7,23.3,176.9,25.3,77.1,5.2,6.4,36.7,21.7,33.7,364.7,0.5,322.5,423.3,11.4,22.7,7.9,28.8,18.1,23714,7.5,7.7,23.6,8.7,18.2,27.5,23939,39,9638,9224,33.972649,23754,12072,14521,2792,9434,39106.1828,32128,19746
2,West Ridge,0,,0,,73199,71942,-1257,-125.7,73073,72948,72822,72696,72571,72445,72319,72193,72068,71942,72460,72978,73496,74014,74532,75050,75568,76086,76604,77122,518,4049,5236,5760,5842,6052,5270,5472,5230,4890,4425,4035,3816,3417,3120,3295,3603,3545,3474,3097,5551,7190,7923,8050,8354,7287,7580,7257,6797,6107,5529,5192,4617,4186,4390,4768,4659,4535,4016,17.3,83.3,8.1,71.1,8.3,29.9,5.8,20.2,155.9,17.3,60.5,3.7,5.1,36,14.2,34.7,331.4,1,141,205.7,8.9,15.1,7,38.3,19.6,21375,7.9,7.8,17.2,8.8,20.8,38.5,23040,46,6605,6578,35.25100753,32173,14256,9201,17200,12747,49855.33454,29206,41081
4,Lincoln Square,0,,0,,44574,39493,-5081,-508.1,44066,43558,43050,42542,42034,41525,41017,40509,40001,39493,39593,39693,39793,39893,39994,40094,40194,40294,40394,40494,100,2616,3273,3358,3375,3285,2846,2786,2640,2560,2316,2339,2219,1900,1771,1991,2010,1944,1804,1882,6006,7603,7893,8029,7911,6939,6877,6600,6482,5850,5893,5576,4763,4428,4966,5001,4825,4466,4648,17.1,61,8.1,80.5,9.7,38.4,5,21.7,153.2,8.6,55.4,6.1,3.8,43.1,27.6,36.9,273.3,0.4,98.8,195.5,8.5,9.5,3.1,25.6,12.5,35503,6.8,3.4,10.9,8.2,13.4,25.5,37524,17,6605,6578,35.07910312,26782,6978,1594,4650,12292,71736.93086,25508,12917
5,North Center,0,,0,,31895,31867,-28,-2.8,31892,31889,31887,31884,31881,31878,31875,31873,31870,31867,32192,32516,32841,33166,33491,33815,34140,34465,34789,35114,325,2411,3278,3135,2991,2822,2634,2594,2432,2062,1948,1921,1726,1543,1395,1407,1429,1339,1275,1153,7561,10280,9833,9382,8853,8264,8139,7631,6471,6051,5908,5256,4652,4165,4161,4186,3885,3665,3284,22.4,76.2,9.1,80.4,9.8,8.4,1,16.6,152.1,26.1,49.8,1,2.7,42.4,15.1,41.6,178.1,0.9,85.4,188.6,1.9,7.1,0.2,25.5,5.4,51615,4.5,0.3,7.5,5.2,4.5,26.2,57123,6,6605,6578,34.11271857,27568,4192,668,1791,10691,104351.2165,27478,5043
6,Lake View,0,,0,,94817,94368,-449,-44.9,94772,94727,94682,94637,94593,94548,94503,94458,94413,94368,95236,96104,96973,97841,98709,99577,100445,101314,102182,103050,868,6588,8808,8655,7742,7843,8003,8216,7762,7462,7529,7699,6828,5707,5593,6090,5763,5975,5982,4290,6955,9303,9145,8185,8295,8469,8698,8221,7907,7906,8011,7041,5833,5666,6116,5737,5898,5854,4163,13.5,38.7,6.3,79.1,8.1,15.8,1.4,20.1,126.9,13,38.5,1.8,2.2,32.5,17,24.4,179.2,0.4,81.8,357.6,3.2,10.5,1.2,16.5,2.9,58227,4.7,1.1,11.4,4.7,2.6,17,60058,5,12665,12072,31.1677798,79382,8323,3475,6441,36314,86118.62301,80324,14779
7,Lincoln Park,0,,0,,64320,64116,-204,-20.4,64300,64279,64259,64238,64218,64198,64177,64157,64136,64116,64754,65391,66029,66666,67304,67942,68579,69217,69854,70492,638,6035,7948,7308,6618,6665,6916,6823,6120,5798,5285,5011,4481,4092,3765,4248,4478,5018,4313,2860,9389,12369,11376,10306,10382,10776,10635,9542,9043,8162,7663,6786,6138,5594,6252,6530,7250,6174,4057,13.2,38.7,6.6,75.7,7.8,2.1,0.7,23.7,152.9,16.7,50.1,2.3,2.4,40,27.3,35.3,173.3,0.6,50.3,93.1,1.2,11.8,0.6,20.4,4.3,71403,4.5,0.8,12.3,5.1,3.6,21.5,71551,2,12665,12072,30.23477452,53512,4446,3206,4653,23293,99684.56573,55591,8365
9,Edison Park,0,,0,,11259,11187,-72,-7.2,11252,11245,11237,11230,11223,11216,11209,11201,11194,11187,11221,11255,11288,11322,11356,11390,11424,11457,11491,11525,34,323,427,400,461,437,419,473,386,305,369,323,299,244,258,310,275,254,268,267,2872,3800,3562,4108,3896,3738,4223,3448,2726,3288,2870,2649,2155,2272,2722,2407,2217,2332,2317,11.3,59.5,7.9,86.6,12.6,3.9,0,13.8,189.7,15.1,53,7.1,4.6,45.2,28,38.9,134.7,0,,.,1.8,5.1,0.6,36.6,8.5,38337,7.4,1.1,3.3,6.5,7.4,35.3,40959,8,14299,16319,40.44797688,9599,1201,194,309,2393,99194.21488,8915,1863
10,Norwood Park,0,,0,,37669,37023,-646,-64.6,37604,37540,37475,37411,37346,37281,37217,37152,37088,37023,37151,37279,37407,37535,37663,37791,37919,38047,38175,38303,128,1467,2087,1894,1748,1822,1780,2003,1718,1444,1449,1469,1232,1255,1280,1323,1108,1182,1161,1027,3908,5569,5063,4681,4887,4783,5391,4632,3900,3900,3941,3294,3344,3399,3501,2922,3107,3041,2681,10.4,59.6,4.9,89.4,8.3,3.4,4.7,20.7,180.8,18.9,47.3,8.7,4.4,44.5,26.4,45.2,163.1,0,,.,1.6,5.9,2.3,40.6,13.5,31659,7.3,2,5.4,9,11.5,39.5,32875,21,14299,16319,44.01426607,30218,4377,165,1231,6933,74069.37653,24359,10407
11,Jefferson Park,0,,0,,25859,25448,-411,-41.1,25818,25777,25736,25695,25654,25612,25571,25530,25489,25448,25525,25602,25678,25755,25832,25909,25986,26062,26139,26216,77,1441,1869,1707,1610,1805,1621,1778,1509,1399,1301,1411,1336,1232,1159,1074,1064,1105,970,994,5590,7262,6643,6276,7047,6339,6964,5920,5497,5097,5511,5203,4784,4487,4145,4095,4240,3711,3792,13.8,67.8,6.6,82.9,7.7,28.6,4.8,18.4,208.2,23.2,49.2,4.2,8.3,55.7,32.1,41.9,236.8,0.2,,.,7.1,6.4,1.9,34.4,13.5,27280,9,2.7,8.6,12.4,13.4,35.5,27751,25,14299,16319,40.78052995,17522,5948,236,2476,4617,71459.19421,14375,10771
12,Forest Glen,0,,0,,18165,18508,343,34.3,18199,18234,18268,18302,18337,18371,18405,18439,18474,18508,18617,18726,18834,18943,19052,19161,19270,19378,19487,19596,109,618,841,776,873,786,746,798,753,697,605,601,443,462,450,574,551,495,463,552,3389,4604,4240,4761,4278,4053,4328,4076,3766,3250,3209,2352,2439,2362,2996,2859,2554,2376,2817,10,60.6,7.6,79.3,10.3,6.3,3.3,25,138.7,14.3,37.2,6.2,3.8,27,20.3,31,160.8,0,,.,2.2,6.1,1.3,40.6,6.3,41509,5.5,1.1,7.5,6.8,4.9,40.5,44164,11,8510,8681,42.98728814,13444,2613,188,2395,4402,110365.4791,12204,5546
13,North Park,0,,0,,18514,17931,-583,-58.3,18456,18397,18339,18281,18223,18164,18106,18048,17989,17931,17894,17857,17819,17782,17745,17708,17671,17633,17596,17559,-37,1156,1474,1509,1600,1559,1504,1542,1313,1190,1116,1082,918,873,844,974,968,1002,796,774,6284,8038,8254,8780,8583,8307,8544,7299,6637,6237,6059,5152,4909,4756,5500,5478,5683,4524,4408,10.9,54.2,9.7,79.1,10.2,10.5,3,20.4,143.7,21.9,58.9,3.1,5.4,34.7,14.6,26.7,317.3,0.4,,.,8.9,12.4,3.8,39.7,18.2,24941,7.5,3.9,13.2,9.9,14.4,39,26576,33,8510,8681,38.49878935,9789,3154,541,4703,3967,56086.95652,7471,10033
14,Albany Park,0,,0,,57655,51542,-6113,-611.3,57044,56432,55821,55210,54599,53987,53376,52765,52153,51542,51227,50913,50598,50284,49969,49654,49340,49025,48711,48396,-315,3201,4434,3801,3922,4094,3708,3822,3583,3549,3097,2947,2697,2405,2542,2420,2486,2434,2218,2014,5672,7943,6885,7183,7583,6947,7243,6870,6886,6046,5788,5330,4783,5087,4874,5039,4965,4553,4162,18.3,76.5,8.5,73.3,8.3,44.5,4.7,22.9,158.1,16.8,72.1,5.3,4.9,36.9,13.1,39.1,374.1,1.2,72.9,101.8,16.8,17.1,11.2,32.1,34.9,20355,9,11.3,19.2,10,32.9,32,21323,53,8510,8681,33.66573315,15608,24927,2401,7536,7581,58128.20513,17232,31161
15,Portage Park,0,,0,,65340,64124,-1216,-121.6,65218,65097,64975,64854,64732,64610,64489,64367,64246,64124,64014,63903,63793,63682,63572,63462,63351,63241,63130,63020,-110,4651,6510,5929,5858,5446,5347,5734,5296,4641,4391,4164,3981,3395,3459,3266,3379,3227,2900,2606,7145,10019,9142,9050,8429,8291,8908,8243,7238,6859,6516,6240,5331,5441,5146,5334,5103,4594,4135,14.2,66.1,6.9,79.8,8.7,41.7,3.3,23.3,168.7,15.9,48.2,4.7,4.7,44.9,14.8,37.9,287.3,0.5,87.7,84.9,4,12.3,4.4,34.6,18.7,23617,10.6,4.1,11.6,12.6,19.3,34,24336,35,14299,16319,37.94751495,32324,26215,901,3260,8452,61392.54837,26149,34450
16,Irving Park,0,,0,,58643,53359,-5284,-528.4,58115,57586,57058,56529,56001,55473,54944,54416,53887,53359,53217,53075,52933,52791,52650,52508,52366,52224,52082,51940,-142,4192,5495,5160,5166,5071,4709,4911,4664,4531,4313,3943,3496,2855,3022,3002,3017,2840,2539,2193,7280,9631,9128,9225,9141,8571,9025,8655,8492,8105,7429,6605,5408,5740,5717,5761,5438,4875,4222,15.8,67.1,7.7,79.9,10.2,37,4.1,29.9,169.4,19.2,60.2,5.7,5.3,41.3,17.9,42,333.5,0.6,159.6,74.5,9.3,10.8,5.6,31.6,22,26713,10.3,6.3,13.1,10,22.4,31.6,27249,34,8510,8681,35.72197222,22786,23704,1479,4786,10054,59537.67123,24492,26102
17,Dunning,0,,0,,42164,41932,-232,-23.2,42141,42118,42094,42071,42048,42025,42002,41978,41955,41932,42054,42175,42297,42418,42540,42661,42783,42904,43026,43147,121,2298,3078,2801,2653,2488,2693,2944,2699,2351,2160,1930,1834,1573,1661,1757,1522,1513,1338,1365,5456,7312,6658,6309,5920,6412,7013,6433,5607,5136,4576,4336,3708,3905,4119,3557,3526,3110,3164,12.5,64.7,6.8,82.7,9.9,19.9,3.7,23.7,191.5,25.9,42.5,5.2,4.9,53.9,24.4,32,233.9,0.1,,70.1,2.4,8.3,4.8,34.9,18,26347,8.6,5.2,10.6,10,16.2,33.6,26282,28,14299,16319,41.04459327,28165,12245,807,2202,5317,65947.63092,19623,21404
18,Montclaire,0,,0,,12646,13426,780,78,12724,12802,12880,12958,13036,13114,13192,13270,13348,13426,13524,13621,13719,13816,13914,14011,14109,14206,14304,14401,98,924,1287,1036,1006,1004,1063,1018,1099,899,851,781,634,525,588,673,609,606,552,561,7218,9992,7995,7717,7656,8058,7671,8233,6696,6293,5734,4621,3800,4226,4803,4316,4266,3859,3896,17.1,83.5,8.3,77.6,8.8,61.5,8.6,29.9,151,15.4,89.6,6.5,4.6,33.4,21.9,40.3,315.5,0.9,,.,3,12.8,5.8,35,28.4,21257,10.8,8.1,15.3,13.8,23.5,38.6,22014,50,14299,16319,37.62417219,4535,8088,518,448,910,48122.3176,4370,8567
19,Belmont Cragin,0,,0,,78144,78743,599,59.9,78204,78264,78324,78384,78444,78503,78563,78623,78683,78743,78680,78618,78555,78492,78430,78367,78304,78241,78179,78116,-63,6400,8601,8146,8367,7886,8042,8061,8323,7594,6882,6372,5720,4979,4848,4792,4620,4408,4359,3774,8177,10981,10392,10666,10045,10236,10253,10578,9644,8747,8105,7282,6343,6181,6115,5900,5634,5576,4831,20,88.6,6.9,74.1,7.6,68.2,7,14.4,152.6,17.7,58.6,5.5,5.6,37.8,27.3,38.2,421.5,0.8,95.9,140.9,9.4,18.6,10,36.9,37,15246,11.5,10.8,18.7,14.6,37.3,37.3,15461,70,14299,16319,32.89033154,10745,64782,2103,1562,4472,47262.93103,13018,60733
20,Hermosa,0,,0,,26908,25010,-1898,-189.8,26718,26528,26339,26149,25959,25769,25579,25390,25200,25010,24915,24820,24726,24631,24536,24441,24346,24252,24157,24062,-95,2106,3092,2841,2641,2742,2630,2489,2475,2417,2061,2054,1970,1794,1737,1563,1508,1409,1301,1182,7939,11739,10865,10174,10641,10282,9803,9821,9664,8272,8276,7967,7284,7079,6395,6194,5810,5386,4912,20.3,86.7,6.7,77.5,8.8,69.7,12.7,18.4,135.2,15.6,63.6,11.8,9.3,27.7,25.6,27.6,394.7,0.7,154.5,114.3,15.8,19.1,8.4,36.3,41.9,15411,12.9,6.9,20.5,13.1,41.6,36.4,15089,71,9430,9318,32.58101852,2205,20469,753,440,1514,39590.64327,4251,17884
21,Avondale,0,,0,,43083,39262,-3821,-382.1,42701,42319,41937,41555,41173,40790,40408,40026,39644,39262,38962,38661,38361,38060,37760,37459,37159,36858,36558,36257,-301,3607,4805,4829,4358,4170,3887,3950,3877,3745,3376,3279,2677,2373,2263,2295,2358,2348,2147,1813,8523,11458,11621,10585,10223,9619,9869,9780,9538,8665,8481,6978,6235,5993,6127,6346,6370,5873,5000,18.5,77.7,7.3,74.4,7.5,63.4,4.7,16.6,133.9,13.4,52.7,4.6,5.7,32.5,37.7,36,373.3,0.7,85.3,92.2,10.1,14.6,5.8,30.4,25.7,20489,9.3,6,15.3,9.2,24.7,31,20039,42,9430,9318,32.72315789,12843,21491,784,1537,5518,51702.6749,14608,20425
23,Humboldt Park,1,2,0,,65836,56323,-9513,-951.3,64885,63933,62982,62031,61080,60128,59177,58226,57274,56323,56107,55891,55676,55460,55244,55028,54812,54597,54381,54165,-216,11236,15495,14541,14801,13718,13062,13269,12775,11837,11160,11222,10264,9235,8205,8036,8081,8121,8010,6626,17575,24602,23442,24232,22815,22073,22789,22305,21016,19891,20078,18435,16652,14852,14603,14743,14874,14729,12233,19.2,80.7,12.3,70.9,11.7,77.9,29,26.3,211.1,26.6,94.1,22.7,9.8,48,52.5,53.5,447.7,1.3,1234.7,937.5,9.7,32.6,11.2,38.3,36.8,13391,12.3,14.8,33.9,17.3,35.4,38,13781,85,20735,19293,30.24567739,3480,31676,19849,385,3449,35941.35802,25273,26080
30,South Lawndale,0,,0,,91071,79288,-11783,-1178.3,89893,88714,87536,86358,85180,84001,82823,81645,80466,79288,78499,77710,76921,76132,75344,74555,73766,72977,72188,71399,-789,5917,7546,7894,7519,7442,7702,7346,6335,6298,6028,5789,5118,4783,4463,4710,4559,4574,4444,3571,6670,8620,9141,8827,8859,9299,8997,7873,7943,7679,7449,6654,6283,5923,6317,6180,6268,6156,5001,19.5,94.9,7.6,85.1,9.6,77.5,11.1,13.2,127.4,9.2,65,8.6,5.9,15.9,32.7,37.3,605.9,0.8,289.5,106.8,7.9,28.1,17.6,33.1,58.7,10697,11.5,15.2,30.7,15.8,54.8,33.8,10402,96,20735,19293,29.75836288,2856,62512,9101,142,2428,32896.0396,15467,53726
31,Lower West Side,0,,0,,44031,35769,-8262,-826.2,43205,42379,41552,40726,39900,39074,38248,37421,36595,35769,35567,35365,35164,34962,34760,34558,34356,34155,33953,33751,-202,3546,5001,4763,4231,4336,4308,4073,3653,3496,3449,3297,3081,2715,2534,2632,2635,2400,2339,2035,8367,12036,11695,10604,11097,11263,10884,9982,9774,9697,9323,8762,7766,7290,7616,7670,7027,6889,6029,16.5,68.2,4.5,80.8,8.8,49,11.7,27.2,141.3,11.9,61.9,11.7,5.4,27.8,14.3,39.2,589,0.8,92.3,78.7,11.4,27.2,10.4,35.2,44.3,15467,13,9.6,25.8,15.8,40.7,32.6,16444,76,13107,12847,32.12103233,5268,25116,1288,803,4413,42457.55518,8858,22322
32,Loop,0,,0,,16388,29283,12895,1289.5,17678,18967,20257,21546,22836,24125,25415,26704,27994,29283,30585,31886,33188,34489,35791,37092,38394,39695,40997,42298,1302,7292,9571,9307,8953,8731,8716,8735,8069,7840,7610,7780,7792,7295,7601,9039,10636,10891,10597,5100,38446,47248,43196,39206,36191,34295,32710,28824,26773,24881,24399,23478,21152,21237,24369,27702,27437,25848,12057,9.4,27.7,5.3,78.2,6.9,1.3,0.7,20.2,120.1,10.8,26.8,4,5.7,29.2,17.2,39,297.3,0.3,129.9,200.5,6.5,11.1,2,15.5,3.4,67699,4.2,1.5,14.7,5.7,3.1,13.5,65526,3,7352,7839,31.88502016,33559,31793,3657,2347,17246,70338.93986,44040,24113
33,Near South Side,0,,0,,9509,21390,11881,1188.1,10697,11885,13073,14261,15450,16638,17826,19014,20202,21390,22131,22871,23612,24352,25093,25833,26574,27314,28055,28795,741,2745,3984,4357,4701,4435,3649,3866,2270,2000,1770,1865,1816,1783,1885,1950,1951,1886,1866,1604,23096,30475,30552,30427,26656,20470,20332,11237,9350,7998,8154,7691,7322,7512,7548,7342,6905,6651,5570,21.4,72.9,8.8,78.1,10.9,50.9,4.8,31.9,169,19.2,61.5,6.6,4.8,46.2,51.4,52.4,301.3,0.2,300.6,318.7,5,11.1,1.4,21,7.1,60593,5.7,1.3,13.8,4.9,7.4,21.8,59077,7,7352,7839,35.77313054,11063,1247,5537,5098,6737,94151.75613,16616,5782
34,Armour Square,0,,0,,12032,13391,1359,135.9,12168,12304,12440,12576,12712,12847,12983,13119,13255,13391,13441,13491,13541,13591,13641,13690,13740,13790,13840,13890,50,1356,1725,1652,1704,1632,1223,1354,1241,1368,1443,1539,1295,1225,1085,1012,1019,1022,1024,845,11021,13867,13136,13405,12703,9420,10321,9363,10216,10736,11408,9564,9013,7954,7392,7416,7411,7399,6084,11.5,57.1,12.4,79.1,11.8,16.2,1.8,10.7,162.9,23.1,42.5,1.8,1.5,54.3,17.2,38.7,490.3,0.2,222.6,218,22.7,35.8,5.9,37.9,37.5,16942,11.6,5.7,40.1,16.7,34.5,38.3,16148,82,7352,7839,43.83373934,1728,538,1218,9832,1397,26466.21622,3912,8930
36,Oakland,0,,0,,6110,5918,-192,-19.2,6091,6072,6052,6033,6014,5995,5976,5956,5937,5918,6006,6094,6182,6270,6359,6447,6535,6623,6711,6799,88,868,894,904,880,801,944,960,857,861,796,773,714,647,636,702,690,679,637,620,14295,14772,14984,14633,13361,15797,16118,14435,14549,13253,12685,11550,10319,10002,10889,10559,10252,9492,9119,17.5,63.9,13.5,75,11.5,54.5,18.9,20.6,159.7,14.5,88.7,12.6,8.2,54.5,54.2,43.7,435.4,0.3,1655.4,1629.3,6.7,38.1,3.5,40.5,17.6,19312,26.6,1.3,39.7,28.7,18.4,40.4,19252,78,14443,19067,38.07810107,9886,800,151,981,2372,49294.87179,4316,7397
41,Hyde Park,0,,0,,29920,25681,-4239,-423.9,29496,29072,28648,28224,27801,27377,26953,26529,26105,25681,26059,26436,26814,27191,27569,27946,28324,28701,29079,29456,378,2559,3308,3248,3286,2681,2601,2245,2102,2238,2162,1923,1672,1422,1522,1765,1728,1970,1726,1466,8802,11547,11508,11820,9793,9650,8462,8052,8715,8297,7274,6236,5230,5521,6316,6101,6864,5936,4977,9.7,33.9,5.9,80.3,5.5,7.6,5.8,33.6,144,11.7,34,5,10.4,34.9,24.1,26,369,0,216.6,168.4,5.3,18.2,2.5,26.7,5.3,39243,6.9,1.5,18.4,8.4,4.3,26.2,39056,14,14443,19067,31.20274527,12453,2246,7366,3559,4301,52627.11864,18922,6846
43,South Shore,0,,0,,61556,49767,-11789,-1178.9,60377,59198,58019,56840,55662,54483,53304,52125,50946,49767,50187,50608,51028,51449,51869,52289,52710,53130,53551,53971,420,10836,14630,14375,14429,14837,14276,14256,13071,12325,12094,11620,10603,9298,9122,8217,8706,8705,8669,7804,18305,25216,25290,25923,27232,26782,27350,25657,24765,24098,22961,20779,18072,17587,15715,16517,16384,16188,14460,15.7,67.9,13.8,71.9,13.4,65.9,33.4,32.4,246,25.1,95.4,30,11.4,70,54.8,53.2,470.3,1.1,1718.6,1357.1,11.7,31.5,2.9,37.6,14.9,18366,17.7,2.8,31.1,20,14,35.7,19398,55,14443,19067,37.85884811,1459,660,47315,270,4890,24344.64405,44200,2564
44,Chatham,0,,0,,37275,31028,-6247,-624.7,36650,36026,35401,34776,34152,33527,32902,32277,31653,31028,31096,31164,31233,31301,31369,31437,31505,31574,31642,31710,68,6684,9370,9465,9654,9109,9643,9248,8351,7514,7305,7251,7165,6279,6061,6268,6417,6546,6798,5441,18553,26468,27217,28268,27169,29308,28652,26383,24217,23492,23267,22940,20060,19322,19938,20368,20732,21484,17159,14.4,71.3,15.4,72.5,15.6,68.2,45.2,41.9,213.5,24.1,73.2,37.9,10.9,51.5,47.9,50.3,418.3,0.5,1896.3,1855.8,8.2,25.3,2.2,40,13.7,20320,19,3.3,27.8,24,14.5,40.3,18881,60,8048,10582,39.55257009,509,385,29829,111,3084,32596.80135,27607,1173
45,Avalon Park,0,,0,,11147,10185,-962,-96.2,11051,10955,10858,10762,10666,10570,10474,10377,10281,10185,10112,10040,9967,9894,9822,9749,9676,9603,9531,9458,-73,1639,2298,2393,2384,2317,2257,2333,2017,1832,1960,1806,1643,1503,1392,1316,1288,1167,1302,1201,14961,21164,22236,22351,21921,21549,22482,19619,17987,19383,17988,16484,15191,14172,13499,13311,12152,13661,12698,13.3,69.6,19.7,74.5,14.6,63.9,22.1,33.8,239.6,27.7,83.9,18.5,11.4,57.9,45.1,44.5,434.8,0.6,1139.9,2059.9,1.9,16.7,0.6,41.9,13.3,23495,16.6,1.4,17.2,21.1,10.6,39.3,24454,41,8048,10582,44.07438017,61,66,9705,38,1128,41394.23077,8954,263
46,South Chicago,0,,0,,38596,31198,-7398,-739.8,37856,37116,36377,35637,34897,34157,33417,32678,31938,31198,30808,30418,30029,29639,29249,28859,28469,28080,27690,27300,-390,6040,8380,8882,8288,8967,8843,8021,7600,6786,6769,6550,5839,5252,5095,4802,4591,4338,4255,3385,16273,23037,24924,23750,26252,26463,24546,23796,21751,21972,21533,19445,17720,17419,16640,16126,15449,15367,12399,18.1,82.2,13,75.3,15.1,76.8,36.9,31.9,227.3,21.1,86.9,33.7,17.7,50.9,56.3,50.6,493.4,1.6,1774.7,893.5,6.9,28,5.9,43.1,28.2,15393,17.7,4.7,29.8,19.7,26.6,41.1,16579,75,7927,9232,35.43152866,791,5885,21317,15,1672,29580.68615,20937,5114
47,Burnside,0,,0,,3294,2916,-378,-37.8,3256,3218,3181,3143,3105,3067,3029,2992,2954,2916,2877,2838,2799,2760,2722,2683,2644,2605,2566,2527,-39,470,682,735,715,668,735,744,610,460,457,536,471,403,389,400,374,388,375,346,14605,21440,23385,23027,21780,24265,24866,20650,15775,15885,18887,16827,14601,14291,14909,14145,14894,14614,13692,12.9,64,7.9,68.4,13.2,68.7,70.3,7.6,191.2,32.8,86.1,70.3,13,69.5,44,99.1,375,3.6,3108.8,1574.8,6.8,22.5,5.5,40.4,18.6,13756,23.4,6.8,33,18.6,19.3,42.7,12515,79,8048,10582,46.04166667,10,33,2197,0,123,24940.94488,2110,128
50,Pullman,0,,0,,8921,7325,-1596,-159.6,8761,8602,8442,8283,8123,7963,7804,7644,7485,7325,7275,7224,7174,7123,7073,7022,6972,6921,6871,6820,-50,1359,2010,1920,1820,1691,1953,1702,1488,1377,1192,1266,1151,1222,1049,1213,1099,1210,1162,923,15799,23810,23180,22406,21236,25026,22266,19880,18799,16385,17525,16044,17156,14831,17274,15763,17483,16912,13534,14.3,66.5,11.2,81.3,12.1,67.9,32.2,34.6,262.5,28.1,78.5,32.1,13.6,83.8,92.9,65.3,398.5,3.7,829.1,1480.4,2.7,20.1,1.4,42,15.6,19007,21,1.5,21.6,22.8,13.1,38.6,20588,51,7927,9232,40.97960993,680,307,5495,10,902,40662.05534,5742,441
51,South Deering,0,,0,,16990,15109,-1881,-188.1,16802,16614,16426,16238,16050,15861,15673,15485,15297,15109,15009,14908,14808,14707,14607,14507,14406,14306,14205,14105,-100,2129,2876,2636,2524,2574,2741,2695,2578,2625,2512,2294,2187,2257,1928,1890,1757,1755,1851,1633,12814,17509,16234,15726,16228,17489,17404,16853,17374,16737,15388,14769,15346,13199,13028,12196,12268,13031,11577,15.8,76.7,14.9,76.9,15.7,65.3,41.3,25.3,224,32.5,80.6,35.1,11.8,59.2,48.7,54.9,427.1,0.3,907,1018.2,2.6,24.5,6,41.4,21.9,15506,11.8,4,29.2,16.3,21,39.5,14685,65,7927,9232,38.47342398,600,4591,9360,1,665,34093.75,10133,3759
52,East Side,0,,0,,23653,23042,-611,-61.1,23592,23531,23470,23409,23348,23286,23225,23164,23103,23042,22910,22778,22647,22515,22383,22251,22119,21988,21856,21724,-132,1720,2557,2408,2292,2203,2100,2173,2094,1856,1872,1746,1503,1391,1321,1334,1219,1107,1003,952,7310,10895,10287,9817,9461,9042,9381,9064,8055,8171,7665,6637,6178,5902,5995,5511,5035,4589,4382,17.7,85.8,6.4,73.3,11,53,10.7,15.3,182.9,12.9,73.9,10.1,3.7,45.9,26.2,33.3,398.5,0.9,191.2,98.6,5.2,18.7,8.3,42.5,35.5,15347,14.5,6.8,19.2,12.1,31.9,42.8,17104,64,7927,9232,31.92320261,3841,19092,695,65,1356,43224.40087,6274,15868
54,Riverdale,0,,0,,9809,6482,-3327,-332.7,9476,9144,8811,8478,8146,7813,7480,7147,6815,6482,6560,6638,6716,6794,6872,6950,7028,7106,7184,7262,78,1995,2346,2258,2008,1619,1529,1398,1402,1396,1532,1588,1494,1387,1190,1278,1357,1363,1396,1063,21818,26626,26634,24650,20722,20441,19561,20572,21537,23354,23923,22245,20415,17317,18388,19308,19181,19432,14638,12.5,46.1,15.3,74.1,16.5,64.5,33,25,258.3,39.4,115.9,32.8,8.7,86.1,42.5,80.6,,,1699.7,1397.9,5.8,61.4,5.1,50.2,24.6,8535,26.4,5.8,56.5,34.6,27.5,51.5,8201,98,7927,9232,21.65656566,151,306,6882,23,69,13344.7099,6099,275
55,Hegewisch,0,,0,,9781,9426,-355,-35.5,9746,9710,9675,9639,9604,9568,9533,9497,9462,9426,9486,9546,9606,9666,9727,9787,9847,9907,9967,10027,60,722,1066,1003,928,965,859,971,819,769,822,741,718,627,516,586,674,624,496,506,7436,11018,10406,9663,10086,9011,10224,8656,8158,8665,7762,7474,6487,5305,5988,6845,6299,4976,5046,13.7,73.2,7.7,66.9,13.1,47.1,6.9,20,210,16.7,80,13.4,8.4,57.9,28.6,47.1,298.8,1.1,,.,2.1,12.1,4.4,41.6,17.9,22561,9.6,3.3,17.1,9.6,19.2,42.9,22677,44,13251,12782,40.52204176,3654,5405,341,0,705,55429.6875,5066,3767
56,Garfield Ridge,0,,0,,36101,34513,-1588,-158.8,35942,35783,35625,35466,35307,35148,34989,34831,34672,34513,34606,34698,34791,34883,34976,35069,35161,35254,35346,35439,93,3620,4467,4522,4107,4214,3992,3659,3278,2591,2558,2469,2113,1934,1859,2112,1926,2100,1863,1556,10117,12539,12750,11632,11989,11409,10505,9454,7507,7392,7116,6073,5544,5315,6022,5478,5957,5271,4391,13.4,69,8,81.7,9.5,33.7,9.9,31,231.9,24.6,80.3,9.2,4.5,59.2,30.9,42.2,354.9,0.1,180,101.8,3.5,9,2.6,39.5,19.4,24684,8.1,2.6,8.8,11.3,19.3,38.1,26353,32,13251,12782,38.68334551,16263,17848,1602,360,3554,68211.92053,18015,16139
57,Archer Heights,0,,0,,12644,13393,749,74.9,12719,12794,12869,12944,13019,13093,13168,13243,13318,13393,13473,13554,13634,13714,13795,13875,13955,14035,14116,14196,80,1164,1632,1619,1614,1648,1731,1586,1651,1357,1286,1196,1203,1057,1001,881,850,826,809,691,9098,12682,12508,12397,12587,13146,11976,12397,10132,9545,8824,8824,7707,7256,6350,6091,5885,5731,4868,18.1,80,8.7,74.3,10,50.3,16.6,25.2,166.3,9,67.7,15.4,5.2,49.6,20.5,41.8,543.5,0.5,,.,1.5,13,8.5,40.5,36.4,16145,14.2,8.5,14.1,16.5,35.9,39.2,16134,67,13251,12782,33.3543923,2213,10181,115,581,762,46632.12435,2211,10009
58,Brighton Park,0,,0,,44912,45368,456,45.6,44958,45003,45049,45094,45140,45186,45231,45277,45322,45368,45337,45305,45274,45242,45211,45179,45148,45116,45085,45053,-31,3380,4888,4724,4441,4651,4215,4180,3893,3537,3715,3195,2905,2918,2763,2635,2227,2197,2218,1779,7511,10850,10476,9838,10293,9319,9232,8590,7796,8194,7052,6416,6450,6111,5832,4933,4870,4920,3949,20.6,90.6,7.2,82.7,8.3,58.1,11.1,26.8,139.1,12.8,69.7,10.6,5.9,27.7,15.1,38.3,580.4,0.9,97.2,52.7,11.5,23,13.2,39.8,48.2,13138,11.2,14.4,23.6,13.9,45.1,39.3,13089,84,11839,11149,31.24095212,3160,37301,433,3623,1933,40513.36898,6207,35376
59,McKinley Park,0,,0,,15962,15612,-350,-35,15927,15892,15857,15822,15787,15752,15717,15682,15647,15612,15643,15674,15705,15736,15768,15799,15830,15861,15892,15923,31,1590,2084,2080,1908,2004,1789,1795,1759,1485,1430,1340,1279,1058,1084,1043,1052,913,826,751,10005,13142,13146,12086,12722,11383,11446,11242,9512,9141,8549,8144,6723,6875,6602,6646,5756,5198,4716,16.7,73.9,7.3,80.5,9.9,47.9,5.1,32.7,148.4,14.2,61.4,6.5,7.3,38.3,0,51.7,529.6,0.8,141.4,.,11.5,16.1,6.9,33.7,31.8,17577,11.9,7.2,18.7,13.4,32.9,35.6,16954,61,11839,11149,34.02918288,2667,9550,164,3106,1423,44904.21456,4325,10373
60,Bridgeport,0,,0,,33694,31977,-1717,-171.7,33522,33351,33179,33007,32836,32664,32492,32320,32149,31977,32150,32322,32495,32667,32840,33012,33185,33357,33530,33702,172,2422,3243,3127,3131,2975,2609,2659,2543,2448,2330,2167,1895,1803,1619,1697,1525,1524,1451,1298,7262,9774,9474,9535,9108,8030,8227,7910,7656,7247,6704,5832,5519,4930,5141,4595,4569,4327,3851,11.7,51.7,8,80.3,11.4,28.4,4.9,16.5,168.9,16.1,49.8,4.5,8,54.4,15.8,40.1,384.9,0.7,110.8,65,9.9,17.3,4.8,32.3,25.6,24969,11.2,4.5,18.9,13.7,22.2,31.3,22694,43,11839,11149,37.02781371,11315,8061,848,13135,4907,45670.73171,14647,17156
61,New City,0,,0,,51721,44377,-7344,-734.4,50987,50252,49518,48783,48049,47315,46580,45846,45111,44377,44302,44227,44152,44077,44003,43928,43853,43778,43703,43628,-75,7814,10822,10119,9648,10066,9727,8976,8203,7745,7734,6828,6007,5280,5012,4945,4659,4277,4257,3574,15550,21855,20743,20080,21274,20882,19579,18184,17453,17457,15439,13605,11979,11390,11257,10624,9770,9741,8192,21.4,93.4,11.8,75.9,12.2,94.3,26.6,23.6,235.2,29.2,83.7,24.6,7.9,69.4,40.7,50.2,555,0.8,1052.6,579.7,9.3,30.6,12.2,42,42.4,12524,17.4,11.9,29,23,41.5,38.9,12765,91,11839,11149,31.15403956,4858,24525,8838,1031,1250,32861.79922,15401,20867
62,West Elsdon,0,,0,,15921,18109,2188,218.8,16140,16359,16577,16796,17015,17234,17453,17671,17890,18109,18138,18166,18195,18223,18252,18280,18309,18337,18366,18394,29,1359,1797,1714,1621,1745,1684,1727,1624,1395,1490,1369,1298,1016,1037,1100,1022,1019,902,721,8307,10840,10205,9527,10125,9649,9773,9078,7703,8215,7536,7134,5575,5682,6018,5582,5557,4911,3920,20.8,92.3,4.6,81.2,7.5,45.5,5.9,12.1,180.6,11.5,68.5,7.7,8.1,57.8,44.7,42.6,492.6,0.2,122,115.9,4.5,9.8,8.7,38.7,39.6,16938,13.5,11.1,15.6,16.7,37,37.7,15754,69,13251,12782,31.0600304,2727,15840,266,380,902,54849.39759,3217,14918
63,Gage Park,0,,0,,39193,39894,701,70.1,39263,39333,39403,39473,39544,39614,39684,39754,39824,39894,39859,39823,39788,39752,39717,39682,39646,39611,39575,39540,-35,3090,4273,3901,4329,4104,3918,3973,3949,3950,3744,3247,2835,2633,2371,2367,2311,2076,2159,1716,7856,10844,9883,10947,10360,9873,9994,9916,9901,9393,8154,7125,6624,5970,5965,5829,5241,5455,4340,21.8,93.2,6.8,80.4,6.8,61.4,10.8,23.4,171,13.6,65,11.1,5.4,34.1,41.1,51.2,590.3,0.8,171.6,149.2,7,20.8,17.4,40.4,54.1,12014,14,15.8,23.4,18.2,51.5,38.8,12171,93,13251,12782,28.50899918,1532,37659,1448,193,953,41138.39286,5000,32479
64,Clearing,0,,0,,22331,23139,808,80.8,22412,22493,22573,22654,22735,22816,22897,22977,23058,23139,23272,23406,23539,23673,23806,23939,24073,24206,24340,24473,133,1452,1949,1912,1822,1825,1931,1910,1664,1399,1342,1279,1116,1003,942,970,898,971,938,859,6455,8634,8440,8014,7999,8433,8313,7217,6046,5767,5464,4741,4237,3957,4052,3730,4011,3854,3510,14.6,68.3,7.4,85.8,8,38.7,9.4,23.6,189.4,22.5,72,12.7,6.7,58.6,18.7,53.5,302,0.3,,.,0.9,5.9,3.4,36.4,18.5,23920,9.6,2.7,8.9,9.5,18.8,37.6,25113,29,13251,12782,35.935261,11176,13698,400,184,2220,62381.75676,13210,10769
65,West Lawn,0,,0,,29235,33355,4120,412,29647,30059,30471,30883,31295,31707,32119,32531,32943,33355,33386,33416,33447,33478,33509,33539,33570,33601,33631,33662,31,2679,3535,3560,3235,3559,3212,3274,3099,2772,2682,2452,2256,2110,2058,2145,1878,1785,1692,1256,8912,11601,11527,10337,11225,10000,10064,9407,8311,8033,7338,6745,6303,6142,6396,5594,5312,5031,3731,18.8,83.3,7.6,83.5,8.3,44.6,10.7,16.9,145.1,15.7,61.5,8.8,8.4,36.7,19.7,43.1,508.3,0.2,93.1,87.2,4.3,15.3,6.8,41.9,33.4,15898,7.8,5.8,14.9,9.6,33.6,39.6,16907,56,13251,12782,31.22836096,5033,26666,1152,185,1694,50497.88136,7997,22846
66,Chicago Lawn,1,1,0,,61412,55628,-5784,-578.4,60834,60255,59677,59098,58520,57942,57363,56785,56206,55628,55658,55689,55719,55749,55780,55810,55840,55870,55901,55931,30,8139,11204,10977,11518,11740,11338,11266,10459,10524,9966,8599,7308,6498,6232,5858,5760,5709,5521,4889,13508,18774,18574,19682,20262,19765,19840,18608,18919,17906,15441,13116,11656,11172,10496,10315,10218,9876,8741,20.1,85.3,9.4,78.4,10.8,67.4,22.4,25,179.3,26.1,73,19.4,11.1,42.9,22.1,61.7,524.6,1.2,1189.5,1159.9,5.3,22.2,6.5,40,31.6,14405,11.9,7.6,27.9,17.1,31.2,40.6,13231,80,11339,13802,31.62095379,1878,26322,23801,227,1919,33843.62348,26165,22888
70,Ashburn,0,,0,,39584,41081,1497,149.7,39734,39883,40033,40183,40333,40482,40632,40782,40931,41081,41083,41084,41086,41088,41090,41091,41093,41095,41096,41098,2,3003,3815,3964,4032,4304,4235,4319,3742,3476,3139,2831,2817,2575,2322,2740,2514,2422,2348,1884,7530,9530,9865,9997,10632,10423,10590,9142,8461,7641,6891,6856,6267,5651,6668,6118,5894,5713,4584,14.7,69,9,82.4,11.3,38.3,12.4,37.2,229.3,22.8,80.1,11.6,10.2,62.8,44.5,47.4,368.3,0.2,529,602.9,4.4,9.5,4.2,36.7,18.3,22078,8.8,4,10.4,11.7,17.7,36.9,23482,37,9749,10435,35.87248322,4745,16924,20837,315,3727,66560.12658,26924,14068
72,Beverly,0,,0,,21992,20034,-1958,-195.8,21796,21600,21405,21209,21013,20817,20621,20426,20230,20034,20033,20033,20032,20031,20031,20030,20029,20028,20028,20027,-1,1447,1721,1743,1744,1529,1553,1656,1409,1287,1239,1210,1022,906,992,991,907,929,926,850,6699,8040,8218,8300,7345,7531,8107,6965,6424,6185,6040,5102,4523,4952,4948,4528,4639,4624,4244,11,60.7,4.9,84.8,9.9,11.9,3.5,42,197.6,24.8,59.6,3.5,10,47.9,44.7,57.2,179.1,1.3,195.5,469.5,0,5.2,0.7,38.7,5.1,40107,7.8,0.9,5.1,8,3.7,40.5,39523,12,9749,10435,43.21455648,12012,1095,7031,163,4078,91903.40909,18433,964
73,Washington Heights,0,,0,,29843,26493,-3350,-335,29508,29173,28838,28503,28168,27833,27498,27163,26828,26493,26350,26207,26065,25922,25779,25636,25493,25351,25208,25065,-143,4012,5085,5336,5336,5556,5413,5026,4720,4549,4162,3969,3917,3209,3179,3231,3098,3219,3220,2664,13752,17633,18721,18943,19962,19685,18503,17594,17171,15795,15145,15028,12379,12332,12603,12152,12698,12774,10628,12,61,19.6,75.4,16.2,65,38,47.9,260.6,29.7,79.5,35.6,11.2,70,56.2,57.6,371.4,1.5,1298.2,1274.2,3,15.7,1.1,42.4,15.6,19709,18.3,1.1,16.9,20.8,13.7,42.6,19713,48,9749,10435,41.95731707,183,215,26293,8,2591,44706.60147,25740,555
74,Mount Greenwood,0,,0,,18820,19093,273,27.3,18847,18875,18902,18929,18957,18984,19011,19038,19066,19093,19047,19000,18954,18907,18861,18814,18768,18721,18675,18628,-46,831,1129,1097,1046,952,963,944,895,917,727,707,627,672,619,614,586,574,472,515,4403,5973,5795,5518,5015,5065,4959,4694,4803,3817,3721,3308,3554,3282,3264,3122,3066,2527,2765,12.5,59,8.4,94.5,15.1,7.7,2.2,34.6,201.1,24.8,66.5,7.4,3.3,55,16.9,26.7,133.6,0,,.,0,3.1,1.1,37,4.5,34221,6.9,1,3.4,8.7,4.3,36.8,34381,16,9749,10435,37.00692747,16330,1652,629,433,2998,94677.08333,16609,1162
75,Morgan Park,0,,0,,25226,22544,-2682,-268.2,24958,24690,24421,24153,23885,23617,23349,23080,22812,22544,22408,22272,22137,22001,21865,21729,21593,21458,21322,21186,-136,2768,3576,3636,3563,3640,3655,3461,3373,3162,2913,2717,2495,2155,2091,2009,2122,2149,1876,1688,11211,14643,15054,14917,15413,15654,14996,14786,14026,13000,12199,11271,9795,9563,9246,9827,10015,8798,7968,13.2,67.5,10.6,74.5,12.3,46.7,19.9,32.4,218.2,27.1,75.4,15.8,13.1,50,39.8,47.9,298.8,1.3,800.5,741.1,2.6,13.7,0.8,39.4,10.9,26185,14.9,0.8,13.2,15,10.8,40.3,27149,30,9749,10435,42.15082793,6209,843,14712,30,2656,58816.25442,20224,895
76,O'Hare,0,,0,,11956,12756,800,80,12036,12116,12196,12276,12356,12436,12516,12596,12676,12756,12822,12888,12955,13021,13087,13153,13219,13286,13352,13418,66,2240,2218,2095,2076,2519,2466,2356,2136,1895,1940,1836,2138,2017,1752,1807,1689,1662,1688,1214,18488,18186,17066,16802,20256,19703,18704,16851,14856,15130,14246,16503,15490,13387,13738,12777,12509,12642,9048,15.8,70,3.5,82,5,15.9,5.6,20.5,138.5,8.7,47.3,11.8,2,37.4,2.8,40.4,182.9,0.5,,.,6.3,9.5,1.9,26.5,11,29402,4.7,3.6,15.4,7.1,10.9,30.3,25828,24,9749,10435,33.78112033,172,324,5959,140,598,28291.45729,5401,805